{"cameraMode":{"drawMode":0,"name":"Shaded","section":"Shading Mode"},"sceneLighting":true,"audioPlay":false,"sceneViewState":{"showFog":true,"showMaterialUpdate":false,"showSkybox":true,"showFlares":true,"showImageEffects":true,"showParticleSystems":true},"in2DMode":false,"pivot":{"x":0.0,"y":0.2255445122718811,"z":-0.018062593415379525},"rotation":{"x":-0.00405234145000577,"y":-0.9346709251403809,"z":0.35534900426864626,"w":-0.010646415874361992},"size":0.22626662254333497,"orthographic":false}